#New user Added Successfully
#Tue May 31 11:05:19 IST 2022
Abiram19=Abiram@19
Aswiini\ Nattar=N@tt@r99
Dhanush12=Dhanush@12
Raj\ Kumar=Raj@12Kumar
Raj\ prakesh=Raj@12prakesh
Simbu\ Nayan=Simbu@9Nayan
Sndr\ riyas=Sndr@26ceo
Suresh\ Kumar=Suresh@26Kutty
Thala\ Sudhan=Thala@6Sudhan
Yuvan\ Raja=Yuvan@12Raja
Yuvi\ Raj=Yuvi@12Raj
hardik\ pandey=Hardik@15ipl
karthick=Karthick@29
vijay\ kumar=Vijay@kumar12
